{"cameraMode":{"drawMode":0,"name":"Shaded","section":"Shading Mode"},"sceneLighting":false,"audioPlay":false,"sceneViewState":{"showFog":true,"showMaterialUpdate":false,"showSkybox":false,"showFlares":true,"showImageEffects":true,"showParticleSystems":true},"in2DMode":false,"pivot":{"x":0.12000000476837158,"y":0.5,"z":5.550000190734863},"rotation":{"x":-0.19831085205078126,"y":-0.2363952100276947,"z":0.04935366287827492,"w":-0.9499233961105347},"size":2.2463979721069338,"orthographic":false}