{"cameraMode":{"drawMode":0,"name":"Shaded","section":"Shading Mode"},"sceneLighting":false,"audioPlay":false,"sceneViewState":{"showFog":true,"showMaterialUpdate":false,"showSkybox":false,"showFlares":true,"showImageEffects":true,"showParticleSystems":true},"in2DMode":false,"pivot":{"x":0.12000000476837158,"y":0.5,"z":5.550000190734863},"rotation":{"x":-0.43728864192962649,"y":0.06599830090999603,"z":-0.032198715955019,"w":-0.8963180780410767},"size":2.2463979721069338,"orthographic":false}